f1,f2,f3,f4,f5,f6,f7,f8,f9,f10,f11,f12,f13,f14,f15,f16,f17,f18,f19,f20,f21,f22,f23,f24,f25,f26,f27,f28,f29,f30,f31,f32,f33,f34
0.927900629862027,0.8283781456016462,0.322978733363808,0.23725436365713726,0.26263361236607363,0.504421039715213,0.7440494512285778,0.5032192071829621,0.06779639582811259,0.7235807004399809,0.8059701286709539,0.28949786511971964,0.6641257392833504,0.4265919010543934,0.8891193557274428,0.8452255581607399,0.5254319983096423,0.6915055458135945,0.883349701022104,0.4957170100782755,0.31325074048882195,0.7536661379095813,0.22006625478469177,0.38853114800604205,0.8657272371067937,0.7244223402693151,0.40381100524749924,0.2147445024083574,0.3559683908322365,0.284104149227433,0.17608928794385392,0.7433329135656567,0.2520698868501715,0.4541674701677638
0.38585944683610907,0.9820773786356308,0.3910922441482205,0.0799824827967548,0.08982575257208403,0.5907537213530648,0.5993635517382656,0.41875899048265497,0.4318436923120297,0.05393258284087121,0.5165465103892622,0.5047394753803517,0.14954931855694453,0.10383938611092758,0.12357249059949049,0.10102824649125852,0.6097081955367598,0.19648265240291862,0.25143015218746345,0.17357214415143973,0.9578353044485031,0.8546174631518354,0.23049483735152088,0.327566293922126,0.20989284230499716,0.49187595946082374,0.019610532474253595,0.6713680088967957,0.5231581498176416,0.8986389283011033,0.16439268432841414,0.8041092460611317,0.7919610144667157,0.12718118921688693
0.3985592241441276,0.1701526411445169,0.2547205004575489,0.26324617483054435,0.5562363940257727,0.4114109317604655,0.9477328040063053,0.12637014194700513,0.9736921348501988,0.23063864021426395,0.7728739363818531,0.3389699261728214,0.1430813954173139,0.8578891852462399,0.3088608992364632,0.6588554042268422,0.5664436850866266,0.4717563093908743,0.4958194726485391,0.7322379140922876,0.08777291412344057,0.6681806619579052,0.8958121013985787,0.05778819701986415,0.14065333923366674,0.7166319367020314,0.43728164824461757,0.40354862081368836,0.13696663454423585,0.5067700407177881,0.12654531119637724,0.4766204563105404,0.7636152989616567,0.2582643578871635
0.4807861681797273,0.9920159693968357,0.6866504233540373,0.8413567713051986,0.41484760656054576,0.7678609231258553,0.040509172941321836,0.12291118254224498,0.20307059292006213,0.40195192461521956,0.8457448783257632,0.3462660507879305,0.6546211935154629,0.7093142948034834,0.5861823540883414,0.3572419681701362,0.5770533417135443,0.3422655927897462,0.08387373855201208,0.9928039781860144,0.1271824536325109,0.07234838383605735,0.8785307492071559,0.3018346608928951,0.6502969740735076,0.32900572966223285,0.39145427079447115,0.2621129720167965,0.3430440057930102,0.4107004005865431,0.7204160690923429,0.5115361942347918,0.9435652171569769,0.04188039383877551
0.5030683226320282,0.5842247888317181,0.9201969860742739,0.049158523621427586,0.573499584935216,0.853629928527957,0.24192772811923657,0.8762923485239374,0.019043409274291823,0.7324546291337297,0.933113221168653,0.6571976616400622,0.43902924398044796,0.04488101647271803,0.9201138133226288,0.4702962226915748,0.02899674433594801,0.6898210713287619,0.4818372535762582,0.12434531744241073,0.21427180931025958,0.06449068045584627,0.5742935397085736,0.6220294792520092,0.5057422983554444,0.8171021330026149,0.8610088213080136,0.6156243966831266,0.012756479707430546,0.6952296557477357,0.4179992169203516,0.565557483226387,0.6490806020188844,0.35023661432707676
0.9170985051717943,0.1339748667497812,0.6715118072810374,0.004359579956580428,0.9246511054051808,0.1125041332380915,0.09488423014757463,0.33300763305224423,0.3735662860390806,0.21430007232287862,0.5851216609271247,0.4429140980419636,0.03417558904108742,0.31965206225530063,0.8104329135731705,0.6897015348618686,0.7248708535798805,0.6981169240835235,0.3109730213830333,0.09966392207677588,0.272467184033096,0.8317853001851593,0.9804707977830711,0.49384701474156134,0.00970035492304222,0.14004481213422904,0.32208057531626577,0.5785853485929497,0.07509364580531397,0.9433572987098816,0.3650836732844007,0.912584217924823,0.7805218027570218,0.7554372725155811
0.606719579782232,0.6267838170518446,0.6380032352162481,0.6287213870255821,0.5537282313983612,0.9864140184828889,0.7322905674256961,0.7769463883925212,0.8724628150836742,0.21563976272584917,0.08380415909506078,0.48289443659859865,0.5140806956192732,0.8291817799499177,0.4437835792823357,0.5708530255443127,0.5270709385134583,0.03820278375739106,0.615214896596914,0.8280432857742522,0.15750054807580383,0.5943317339265958,0.5936105444464144,0.16418496405635874,0.12346357373073602,0.9800519429764848,0.39371916965303755,0.22742172872352928,0.17132454445437495,0.6676017135832351,0.6094452973272788,0.6435521229874175,0.08800602751145226,0.893534583498437
0.3892663968090483,0.31336940643035793,0.4623614472477392,0.39006606574762825,0.8635770031391459,0.9292609751978921,0.3034532164496062,0.8639358074599548,0.7815231295330671,0.9308076723447618,0.24575031218588783,0.5769591501209791,0.27454458474044463,0.8240944904843742,0.005324190571064258,0.5648191628863961,0.339203431271918,0.32268370707782024,0.644906323864917,0.8514844493139939,0.6091953913933262,0.8531729786467225,0.26459711188102997,0.5195018547649811,0.450536539067076,0.011644899503096218,0.5568121431407401,0.6615243241461749,0.5919144044190701,0.7362798987834215,0.5713395284530771,0.06675025485075692,0.11644552408471143,0.5964745775439524
0.2749791919736402,0.07964512903476584,0.42960274344854676,0.5543225980836554,0.32874598834960655,0.720433702225778,0.6437706081012446,0.33281836109167195,0.7548725289085606,0.6486950425330354,0.6374453787179021,0.553427700787068,0.011389668088552796,0.6965071834768891,0.3760417911091565,0.9426097101586556,0.8179847710772054,0.5876944695313122,0.25218198181926943,0.20371739327766658,0.3403848376775491,0.4765679435800185,0.2960655100389471,0.5149294953924828,0.16537042551318593,0.9777128128254999,0.10792455496499387,0.9319441396543721,0.9135780114026949,0.525360481819498,0.7249102718360844,0.4360482979725878,0.6300345775424382,0.3405759374211187
0.30115901978544535,0.5782297861695137,0.49812967418398035,0.5795363691499811,0.286660581287023,0.36695783181699526,0.08389796062890931,0.05227637227220572,0.25345712967301626,0.07424685933054576,0.1037747086347407,0.8129284053939371,0.0388736970166893,0.6589427939347428,0.2725577488154005,0.8715456807081264,0.48499228457749954,0.30557645932782573,0.5176389356894345,0.3819580190452688,0.5643010646698302,0.11453286832634824,0.9969905028125511,0.42555587769671754,0.34823063970736867,0.7102098483162649,0.3638994064953325,0.8332743050287577,0.45427072436042526,0.7195584132654349,0.10745321644188655,0.8461191855551118,0.7357179867781098,0.21171677846196568
0.14528600974578665,0.3162923487256244,0.9760705860319043,0.25683157456705863,0.4561272089466333,0.030020225717336313,0.39722752956623253,0.5713200154331027,0.9531246125079651,0.5167360449400644,0.8191073261776878,0.5471276425689006,0.0407850134355181,0.31500827518977403,0.5755495078311033,0.9505939659311243,0.8591303597512333,0.22835561417884764,0.2201098300191635,0.20117296711390076,0.9224988963025031,0.8526661531017207,0.7748834322529488,0.3927351142242276,0.5043807042987668,0.4643317447951528,0.25339810755937264,0.505028046148767,0.030496547852754463,0.13181037349745917,0.8865895961689464,0.7516797670314233,0.42286840905908707,0.5171503622838772
0.36999888595997743,0.7407798671606725,0.7841871792320796,0.7632851902031591,0.7226117248344496,0.20450433869279583,0.3379699792404788,0.4698454349836749,0.3307929914276556,0.754940200158329,0.3293535242499547,0.13823208678533716,0.3990404520483041,0.9799144327823803,0.2258814129335759,0.6121586589432291,0.4329730498397063,0.07102456764932663,0.4878766059980595,0.7021643286483125,0.5132199758278188,0.8721060637465811,0.28893701665758265,0.08624917130396492,0.9365656116580061,0.378196349528219,0.5764055514536334,0.792003126130196,0.3243136638755806,0.7161645381776112,0.13541884981782804,0.29129374720550527,0.1447106361365199,0.8112305584013578
0.22264923522678537,0.7174035554052103,0.9432983972456526,0.527772209068877,0.5400291922606877,0.46103356809781204,0.32589014339364275,0.4756550309249171,0.6028075322667594,0.9859915721706594,0.9377645593182242,0.8621529582931218,0.8891305357048583,0.46784918329204295,0.6574443271774648,0.8950667229362141,0.39295076499135306,0.9617624783454688,0.415786062069183,0.6010826653932156,0.7098047132723719,0.9505920130759383,0.24461627405226605,0.7461309782386423,0.5208155861440822,0.26855714062064107,0.7766068397963906,0.5522222801738466,0.6609738206496758,0.322901068577901,0.481273951827605,0.6173542509880671,0.404910814269844,0.1983725398477013
0.961640492315304,0.5114675400426174,0.7339203702877005,0.4110471935560581,0.35513176402571633,0.407164298467125,0.4091966437856498,0.5441801159419536,0.5434698699813632,0.49715381588287166,0.1347857849174381,0.49607547850053113,0.1691039004206515,0.12613578629576516,0.9326457173411677,0.6049500131477042,0.6594900581245843,0.4017936703333638,0.9089808919148642,0.6379304895796655,0.7691698695235875,0.36856246902771383,0.9600118808191255,0.820461290158315,0.8539484630145436,0.17219426742575428,0.2709632078712195,0.28562659968357706,0.27090922324687117,0.8554081621042879,0.03188479520859211,0.0760999889807743,0.2739148706299037,0.19987297464944365
0.23185961388284837,0.7979431892533,0.5631265938920469,0.0057706612929679935,0.42932276570419525,0.40788492685035893,0.11394526944454353,0.6761417886014571,0.7020971883794911,0.7208932190520977,0.728470945558592,5.282693229680113e-05,0.9539208038467222,0.814208767054663,0.9039816965892853,0.015643295307434135,0.9338587957857394,0.8097885286881047,0.8372191429586986,0.09328738472196851,0.7387780289185977,0.959916689642091,0.6785473414181606,0.5705614046246065,0.945629677748997,0.442937121734436,0.5992935663104787,0.4763382934943662,0.9328462213602992,0.07608472676550726,0.5011197008253482,0.6869524413854383,0.7919065384222369,0.5830186474441363
0.908917744121454,0.9419914468838717,0.06431922319358352,0.40237053954137436,0.02345902172115444,0.3294166573744429,0.5368682179706021,0.9107949305099489,0.8465543224654029,0.12749972667198572,0.0930303747408957,0.589267338756667,0.5321179724587827,0.26637764143002385,0.8994530845538352,0.9273664094615535,0.40261143834016266,0.8903025571135202,0.38394889426297263,0.7368168318297001,0.47594221754772414,0.12258315650718299,0.9279342012370215,0.4540965933775366,0.7344870403224036,0.36717381443129216,0.01888087857623466,0.10053035869183591,0.4962194794899244,0.6899643571263624,0.33473532657927907,0.6954884591776503,0.698635589431956,0.7039359073278308
0.4925218540205084,0.914886150121504,0.4891965179806156,0.4502651934966382,0.199380819010627,0.3076550873563365,0.042334492518303346,0.6335352936161702,0.24853574392709288,0.3041552544854651,0.7708145216643212,0.3272211831614539,0.24219589201314218,0.16905774913370575,0.7748584021819559,0.12970625799002689,0.4537537602503535,0.5069301160771944,0.6873899126857146,0.6332834823329955,0.8107206729451748,0.04475143392623815,0.2964407247793972,0.28013411877537975,0.14601690559210823,0.28917825385644313,0.3097653141429034,0.5218844619274783,0.6637044789262561,0.3811005136118141,0.7194702313133812,0.33616533857958,0.29028367731476035,0.5411880558570243
0.023716360305790607,0.07978912363400037,0.41796954358652705,0.9429127113917565,0.7215117798434236,0.08812656950055775,0.8463180127808737,0.732300770608181,0.6109465257026532,0.8202929606091773,0.4041098477429571,0.22150105085385274,0.5120233891087593,0.5488417555934738,0.5383263720099121,0.5650737914801053,0.9487049182391808,0.9022456230962314,0.8757170365589394,0.8014168109086272,0.9434281072652854,0.09849464167940325,0.2651232614457395,0.4950559456545849,0.8465344931234052,0.5051657115227325,0.7480347393415887,0.13895990524891622,0.2524138129765602,0.7317760950376724,0.16473400888772405,0.35135593465492676,0.2648662578135714,0.3498616942224785
0.7083240490779703,0.367847181142801,0.5552633226079402,0.09993187705440965,0.8050176932346278,0.36988862564812486,0.6485341590333424,0.7253896016618326,0.2096609221117004,0.88467498495335,0.6162242516069529,0.42872514175148146,0.18233518357821954,0.9423009379012067,0.7550682041316251,0.20802456273324887,0.3377107747242245,0.8096742580880733,0.695677663215339,0.7657842927157243,0.4412011022129324,0.7164762626421669,0.3864937228639137,0.21126291693819643,0.63267703484136,0.9760139255987942,0.3106009713953296,0.46096959221253964,0.6740013710698536,0.5415062821224879,0.8434277957090492,0.7617427064695159,0.05829720386235704,0.998421233923774
0.7524024537194672,0.8639033162941132,0.6511977120953464,0.8562851280467623,0.11238297492870941,0.3477378355593156,0.8764209436044927,0.20165521126689223,0.07824209858002273,0.788118939945219,0.8354861556432962,0.1626522181899006,0.8543459827827155,0.6867677955971696,0.5200826832165839,0.830250192781385,0.4192492493189658,0.1939939562233972,0.28485267661061364,0.5051640182933148,0.5313307926731757,0.8055808264412336,0.7913527236523344,0.5813665572045749,0.7807854833654764,0.19177345829367098,0.05006452709329434,0.8736338226347001,0.07555449376276957,0.2466884297439973,0.6953189496243846,0.40944793762730913,0.8763139699155088,0.29797979466226954
0.011871346669359295,0.3006556405607441,0.5780750491848317,0.37593837540329333,0.5348727557587553,0.8765981188350187,0.9124850542303685,0.2659740646541121,0.4621404732699007,0.5491440152414512,0.9491124568882471,0.9986173191643847,0.23540724884152664,0.7269798713458154,0.37803106223319516,0.008108196886213226,0.009252522435902355,0.46056600756225574,0.4883349130043346,0.022569696573442655,0.6869274167743025,0.2940033885949531,0.5598931015359494,0.30091907316541877,0.1671343148693072,0.4071737385988753,0.23227336479050076,0.5348009769191681,0.19882853028647995,0.5084059766446271,0.15737851486886756,0.670974709485785,0.7539376844414241,0.11039423424993378
0.4678024120373392,0.07087170065487358,0.5981824455420024,0.26440429792964537,0.5276244568387078,0.5174610093842912,0.9243543461938004,0.5490832225687229,0.5829984797183156,0.4016531257643803,0.9490796031828168,0.7771859094396096,0.28540529030284156,0.8442095857762321,0.43239636018509,0.8286671435335939,0.822888068293502,0.1888701867628544,0.7011411313835769,0.2906429693065311,0.2974926699926682,0.29634807688058074,0.7255682475599482,0.22982604179253607,0.0009058352460902253,0.7152368534826331,0.17118474383512527,0.10448239530783465,0.23751612059406013,0.379900522322704,0.4759063274732007,0.04457004071263082,0.9705733326273605,0.7160630534195581
0.32319406532433614,0.31869725728539733,0.4485425493684594,0.626244822763033,0.14637306658896776,0.18892981376495233,0.8594345828335509,0.25625492388907256,0.38019499797517753,0.871271850950117,0.6631478293998225,0.34171187934168834,0.6836995457246208,0.01968321538141371,0.7356426600113652,0.4870160405162395,0.8131821472844613,0.9546376520064683,0.9257885494945683,0.9092650434553408,0.5121699559338871,0.36014211413893804,0.46503532473067277,0.6898960033133608,0.8839977768711867,0.20698630300011955,0.918193158461703,0.8151802319698891,0.9788560151782346,0.8802517732816871,0.27993732969190666,0.10595591134404769,0.11224107199158861,0.2912233185782761
0.6141837239845392,0.8043203260971725,0.8992503069815647,0.6237533843692328,0.0056313127480537295,0.1863167765185335,0.09972620385336795,0.36332447556901004,0.5013509936337459,0.04339717857856085,0.3484779757956553,0.17917967462532258,0.6470701662588739,0.46427236932434,0.4953176469339088,0.4276917880334611,0.956019710486567,0.21473512512156323,0.5166642598438743,0.7360173683653359,0.5568444131345626,0.9290208857168011,0.37796835564128417,0.463675805773178,0.08852231521472842,0.6089991110519285,0.28821196844810604,0.16030903951556885,0.5445312929045081,0.5323102633799106,0.07587164122404755,0.6982154534944728,0.6237721906508529,0.1890172827464972
0.46943486215404384,0.72032291647856,0.5294357405412765,0.3954890761835702,0.32233845808094364,0.6103938666440536,0.9391086983102406,0.6717448404774834,0.0747459036363155,0.4606849734821338,0.8908241315106276,0.09446242580108688,0.9888757121375433,0.9490693936454213,0.07827448072987586,0.9334133204495549,0.3631325902594622,0.8447091670758625,0.4183833377132715,0.44085511270251587,0.6342430909775426,0.7744774192759833,0.033789150948248636,0.5931559955271343,0.18673299409737099,0.34594951786320294,0.3479686661552165,0.4690603402211536,0.3341364118761734,0.10736111845066776,0.14562873852545144,0.03343798556109767,0.4702490853287543,0.9544476948529885
0.11567522364811655,0.946264493003082,0.7333615147320935,0.6374988029341632,0.6452777553235629,0.8267276483962821,0.10691986437982137,0.5047543235655417,0.6970911382607585,0.5868204450735637,0.8327790710232946,0.07227170901135149,0.690701039499166,0.5340277303847177,0.3791608639799434,0.34027498223403085,0.6208326327741929,0.8909953746442648,0.49617592610111527,0.8247231640769201,0.4021563818439675,0.10239446279317654,0.06150573645863855,0.051334371323677574,0.38015014195766994,0.33723775083584207,0.7179370236225695,0.7428215015848658,0.05085396883373983,0.22112326288901496,0.2742618501588997,0.5476119841428094,0.14451522390695026,0.13394121940000037
0.943788889207958,0.804202907297781,0.1806549020911703,0.40656780790549096,0.35562199925756555,0.7910040740654073,0.5102129164781221,0.12784973699346702,0.7389920631562439,0.39688797822491895,0.26292424763214706,0.37549862202072015,0.49775656360689635,0.34311551641700944,0.24190577259175783,0.39850202880398033,0.019172910749898242,0.7724978460963139,0.1709448935675858,0.043904613630637246,0.6536986929050792,0.7739361288236722,0.8138291315928432,0.49350918266059995,0.2053681846899853,0.7372276772498267,0.6997130771543372,0.24627073410317324,0.903407755862793,0.104371458082829,0.9826882395913257,0.8602478109774646,0.6878986454790752,0.9387498882798329
0.7223111683237078,0.19045699703004593,0.44215613811281174,0.07150302433163536,0.3896574222881154,0.7416030197372087,0.3864433509308174,0.3302941754681341,0.5953557225103119,0.872204528998895,0.04758319254611243,0.3854704346997354,0.1582407418152627,0.6953542507318696,0.10572456043113487,0.6648077585802445,0.2861808707979073,0.1989168137372247,0.9363525578249854,0.018524576745955867,0.43777727188956894,0.02162699246179378,0.483593048104329,0.5010473777944182,0.321662471394747,0.13216177752502367,0.3763875377344753,0.672262939932566,0.7823958086444591,0.5307506023881423,0.5898343944397556,0.2006163711246527,0.28733033322764945,0.16189561005235842
0.24929535000461134,0.22488678022553177,0.5194487863912376,0.5626887557907294,0.9449474208215045,0.19557064710152305,0.6416757101614959,0.8172592689875229,0.5602414637830525,0.2550036525010757,0.2625502300200002,0.03925305307099991,0.3054442265484817,0.7446036790033801,0.04751775720711038,0.21929528250483066,0.7062324985317819,0.7826515628228766,0.4553184100619284,0.6980743384786489,0.387952168654892,0.15991324502412751,0.3981494935229065,0.5799678202031429,0.9480532818528903,0.06875095208867732,0.5073940938449606,0.3289197782107244,0.5083116942766945,0.023975447376531678,0.3130253547015813,0.819868147527005,0.5539417338546375,0.4505824928161174
0.2855250717153396,0.2980425227913559,0.38310143359058446,0.8355707099645604,0.9672132068082684,0.4386553813503745,0.39335283874776183,0.8465507758198628,0.4269053206363036,0.5520181722956512,0.23094166459874443,0.7435025357790752,0.5319883182707819,0.8090345502403417,0.7807327300286697,0.21500476827002857,0.7156355505577624,0.8000544079513714,0.3461072407823951,0.17260911290227454,0.00263215557958818,0.45090365309314817,0.3524327315388416,0.5549098338254089,0.18804109258878576,0.8596655476664752,0.25775521562810966,0.22642960508764998,0.48071405648435594,0.49885102374427426,0.21508522878509284,0.27186072672591577,0.16970523915524494,0.7184601783231668
0.7700890312540819,0.4623284974592826,0.7140870226850174,0.7359353919374455,0.1382755276778086,0.9661780248345367,0.821031947096431,0.2044834611958235,0.18616503574607024,0.12566114557958274,0.13837856254191838,0.7481617990286962,0.46965425695162355,0.7829341727398672,0.7462548943502054,0.6046127135052216,0.6863666065786795,0.01835572437914179,0.31177764680502196,0.6378221792594102,0.0093449534862442,0.03297694368259341,0.8518879824703832,0.6840248616920718,0.26536973312034395,0.687962840118709,0.7924566691392633,0.30679428311010126,0.03603737749918745,0.9327791246877345,0.3451798382956305,0.10648176328470638,0.4918568713931474,0.7684677956641338
0.22164731461755915,0.26949005013336336,0.24271498679858317,0.9916730528316782,0.19740373373054254,0.575520216966124,0.9252646416569643,0.14689656887777924,0.9708541978677002,0.9474772343956246,0.8845719870582626,0.21455652133000225,0.6340550560109833,0.7608914729612402,0.9860279281964297,0.18042382208137042,0.7660258995192964,0.33880116992711296,0.17562646556800232,0.42137694121385494,0.7938359121486164,0.46484980370405216,0.5375231002030485,0.9951594102001212,0.399109299557426,0.6154007547092398,0.36524420161537186,0.39278564632870494,0.6956407534454081,0.9378869760948835,0.5423589504923214,0.7683999289487798,0.08920655881696382,0.21115803743192696
0.5021316409195324,0.02001172362877479,0.2528549787625588,0.5174012898249661,0.014961198256300712,0.2645462862260417,0.5140308194758695,0.5731492479812457,0.9257516930553055,0.6453456232506078,0.41473580252999376,0.9303511771330678,0.7848829833877943,0.2000089211127476,0.13084236134881977,0.675811635742733,0.5598831655769838,0.7896736137927557,0.7388050500786865,0.625211533857515,0.9863821716288922,0.5335897301104087,0.11310575650171983,0.8282735648159884,0.251853362345709,0.7773021481439183,0.9571070960000514,0.6967955139643413,0.5960301609498011,0.4603861756750406,0.36440986599540326,0.35300475097183626,0.6363727057095906,0.7512731169377459
0.6785170694844144,0.19841010119356273,0.4939871801434912,0.791640072183063,0.47570407818905625,0.5366232797354938,0.7711360481708222,0.6612653062650915,0.4093449208823926,0.895412711194219,0.1625670686634786,0.9955164485903247,0.1188525784762372,0.014949971104238902,0.8900189011487647,0.24495350836595609,0.7296996274467209,0.8110153749320693,0.8589863910321168,0.9915942356641667,0.29403971003999907,0.7102433419272591,0.11539985828082822,0.4068092913568494,0.8479716933125904,0.36765804605910835,0.5910953805356141,0.5037734437246341,0.6459515311120451,0.9728943893876949,0.05573552650140212,0.5739615175016297,0.8630287792502848,0.4813827117484275
0.07852718594157282,0.5605393524167709,0.33207389082382044,0.1549417853379359,0.849034513283473,0.5215995129911216,0.9332764123790667,0.8060165046030691,0.6929717937736674,0.005025503365311934,0.42782345663824994,0.1974862816520323,0.9107979110488678,0.17458398467636027,0.2860600516592855,0.5168367677344992,0.26336361899807925,0.20986467727912117,0.5990993251027524,0.08892952275502386,0.05816775872092472,0.3722452951860714,0.7206644545078623,0.554806758273948,0.42287646846677884,0.5657515642245824,0.3654514846532736,0.9361463354321129,0.05490489091077433,0.6733914790298352,0.8912826648277505,0.8038847087352534,0.18404103482144674,0.29592634898028836
0.7170479387071047,0.08427055918076554,0.811861699832584,0.7189069446047903,0.7296066492353426,0.10024137026759139,0.7177605448162309,0.67981812521997,0.8309224908218505,0.0415959562564695,0.023110668467792195,0.37300709987856073,0.14878828384915288,0.5583844775702219,0.9173489015067489,0.39147973033401573,0.8449503772726041,0.00024087451786647396,0.1685146434591842,0.03042353965408562,0.32814718051506864,0.9081895956965028,0.09695212359898775,0.6064097767438004,0.4514959391194442,0.9384682123658125,0.12251914253709384,0.21202785050222894,0.029541968611493274,0.43393524963137375,0.2778328995646543,0.8699059338903209,0.6049408131977551,0.6140907379757017
0.5319106968813024,0.091850337229201,0.44501868372535525,0.9995051897085165,0.8352292908460148,0.8934590541671159,0.8232263592464995,0.10304169343098268,0.22744825406479963,0.003121651356409627,0.30351012487811146,0.10860740234649258,0.472793345301583,0.6771274885739019,0.8745052950380771,0.7492171650908982,0.9385855957785052,0.053898290393788795,0.01217983541654144,0.6613381138362127,0.2893524102222462,0.25350101610577314,0.33088708769379427,0.26979605789236416,0.5114364063015873,0.4401484472241325,0.5124285513766563,0.6727136115004362,0.3871305089711483,0.2513076871421568,0.16620053680874547,0.3494741195326255,0.741806475246172,0.7567049101114696
0.6669053866842103,0.2340281753068746,0.5880862458546977,0.570689661576848,0.4842661981097255,0.5499789863838642,0.49179063262366807,0.5654563660741082,0.7155059546211288,0.10962819440343974,0.7496257521490237,0.1358861501275942,0.0666279984103747,0.9760796862214676,0.9569917688704415,0.06043654494056405,0.44325344147496215,0.18624493829977473,0.4853448971344181,0.8301772429995874,0.9506117747428903,0.6342526534515374,0.35390566721181704,0.6033255656445984,0.31200130610845034,0.9098236408320604,0.870400463105837,0.558231750279661,0.32479891538036054,0.29338967558297835,0.03341799470505946,0.8158208510252952,0.45038321303900797,0.3251329284002644
0.4711103549977539,0.818737990454652,0.12461420770752119,0.8576559882418273,0.897508835108354,0.9467079150338882,0.3974879924226278,0.21714040403767187,0.3736408184666985,0.3329120962314033,0.17615391250286005,0.6072666701014879,0.4766241605086289,0.8657009923240037,0.03210958048205825,0.6438679275551263,0.7629488785115611,0.759486569188307,0.8860739670955251,0.7290337428294941,0.9278100616476963,0.33265659982089146,0.5032094167515431,0.014079663282890675,0.006957587303291213,0.2401266204515199,0.10080719713908526,0.2602113679357536,0.1770432945283974,0.02852002483864824,0.9093041464060494,0.008223131388891525,0.7360821443370854,0.15214788691951653
0.9122296219996,0.8927959395898858,0.6539011463692573,0.6722341498006051,0.005339141969688543,0.984871566113602,0.8778326035758144,0.895106225730092,0.6592445370508719,0.34478692865453653,0.8936486490904808,0.29151692815119234,0.5627115433422029,0.0997309723438824,0.9219556301327502,0.14077045777121333,0.22489680573040727,0.558134158128215,0.7640930002129815,0.619351305936299,0.23213391280015616,0.0009430425274903342,0.7571505803074392,0.9852073259110937,0.8099131203060904,0.46020661815661534,0.9037672613991066,0.40984767311835,0.5249340842434675,0.47712976739568325,0.44762387266552495,0.7751907692939057,0.526768907269492,0.31671712202521607
0.2581581676584783,0.037747316967433386,0.583195161883046,0.2299614154010342,0.1481339220163831,0.6538299638276777,0.6812092578215488,0.752154892257666,0.5035768963385915,0.8940546052038866,0.9363427533982278,0.8073709397924894,0.6355934820081872,0.30372095359118867,0.9829449216202212,0.27413616719193834,0.20265692199043106,0.44215411378658276,0.05684057071238846,0.9784944646717908,0.5884335564164248,0.5569520916641753,0.6557962798997199,0.49702364777720665,0.03206351709454158,0.6123112888403968,0.7161738769564306,0.41674906062405315,0.7572955720711929,0.22700129933842061,0.22127659106618403,0.16141698768757395,0.37199475978916186,0.8470120353890835
0.8279120621490643,0.3828242079635038,0.5891187359802366,0.7208163164749156,0.24120677462802298,0.16814108589474708,0.972095993212311,0.6175573132096185,0.9814157218336639,0.3377559871322291,0.7030316999741315,0.22260363654123771,0.26120017127391293,0.511902121269624,0.3196181255080712,0.16762156384058446,0.262880701989326,0.03574839446586464,0.7044236214774866,0.4921166570858616,0.09424306640452562,0.1716939931284912,0.10253453811264401,0.6125928082758765,0.0942103636124938,0.7542823330352161,0.020510919320391174,0.2493757879958921,0.8906666758919072,0.718531318122246,0.07296833292568772,0.8211261044851798,0.4930351215402048,0.8467830271688292
0.6007397744503934,0.6818330320328587,0.9935015603957081,0.23233554592401817,0.6239455747613883,0.46032139005739836,0.039451952922691436,0.014470641502865034,0.11922857781785867,0.6490917405385481,0.5671630879133922,0.5534295611637274,0.031856762528260085,0.46930299636000705,0.9246228178425285,0.3975918693106466,0.6249224697884563,0.7798186756231436,0.7839252791418876,0.5192800823952713,0.8579519454023363,0.39137809336374696,0.8886932147847983,0.2402271663955453,0.28021640699057104,0.0531206241990011,0.7955818365422829,0.4170552362327056,0.22911661391139904,0.23179027761657967,0.9013999412292332,0.8339166004610369,0.5535308853571833,0.6161108004157211
0.474325570550291,0.39166654287880887,0.9154768812183315,0.12561270352030207,0.41844678971622795,0.34456190798787534,0.49815072025114837,0.45763187454517507,0.5188895316510814,0.1399189772269941,0.5131415015132771,0.24241881388721087,0.18433134898819126,0.06483421878619122,0.7626525587561409,0.42744192085655996,0.6266436833117583,0.7275933433047433,0.6793166653135535,0.4705007190896823,0.3878985289517298,0.3759599096406637,0.6400487969300563,0.4947943549418734,0.8491322479885106,0.8747019843267121,0.17056037800651846,0.13623365154572564,0.6304009260359995,0.3012257480622794,0.01857071876509886,0.8886426693629551,0.22690076724380825,0.9292806516858091
0.7174344508782536,0.7626534899114843,0.20146149579316042,0.23419442561681292,0.5212677538240658,0.17209985264986216,0.3054316926830323,0.32146247794780447,0.1596299332527641,0.20518283339516075,0.7885518420082566,0.16719585454726837,0.028457391843922486,0.6293549426289384,0.97598311939245,0.3312138146231214,0.1186557031962523,0.5703873253675308,0.9063542110956462,0.7840617798284788,0.622515868412716,0.3150564966075994,0.54188017327622,0.09124484130425536,0.67894542428067,0.7250960188976509,0.9650316229099188,0.26039735874507164,0.018456419043022643,0.5456084644271506,0.7067905043968145,0.790407475882988,0.1937389330248106,0.26175286903702366
0.5125909252672963,0.33060080997000185,0.860511486587445,0.47376015373872027,0.799578644102003,0.5806197604823538,0.773090141617112,0.33267298653032384,0.8314166219303112,0.2745723155510216,0.5460988080032908,0.21400711317387422,0.47552652162619335,0.31817520950870315,0.26670343063721424,0.9669850180280375,0.16007410548673062,0.7873258374573953,0.9841649594832149,0.01990148374007783,0.699027414042095,0.2529118055562871,0.040487824328304445,0.4028895789566308,0.935217810170875,0.011765094366997686,0.5878856919297817,0.5013964785953243,0.8733841643710475,0.08400171452062566,0.6815260298866503,0.6801096984332773,0.6690800168622832,0.942334494935037
0.8230875290068804,0.04197272624350601,0.47108285070451317,0.3979530562013335,0.31014722109080206,0.4513367251540973,0.38419418492597746,0.43233389987866533,0.9792618656086425,0.08863297474958076,0.9222308698387298,0.4802367134710267,0.6237422454995412,0.8301829666176939,0.36046302914925554,0.4304219080879669,0.40951848027871396,0.37473102253575985,0.9255293216468949,0.8289298911930121,0.1089999898629761,0.10812335247709604,0.4278695148529912,0.09865737673280905,0.6190930952711197,0.1436916072617339,0.5223732639668011,0.007219947003717753,0.3165963484126467,0.6771907236726554,0.48403894022784844,0.9782694859989881,0.8741037960662108,0.3590707790431512
0.0454865414722746,0.8456263001150188,0.9112343103146714,0.8206273934190368,0.12794994091976486,0.9979151344122877,0.25858422155277383,0.7242049128083701,0.9080348763357216,0.23568711433070944,0.9082585546770661,0.30948157919486696,0.9764132223840561,0.2812600203804746,0.9534358247578352,0.053544650892674905,0.709272011669813,0.5321111338370037,0.47787707712273064,0.22349431425584,0.705595789776492,0.1908094914463071,0.5528417959847682,0.2532453630402508,0.9556213797813561,0.028631193835652824,0.19972828011123656,0.24231060638744772,0.4140678257678164,0.23273024187005353,0.49134909026878526,0.872465523258539,0.7120634214091708,0.579961980535111
0.08900317798267965,0.6939921083892756,0.16641428431093985,0.786367385961698,0.2500567585101532,0.4170487283209009,0.3504702023179279,0.8588139146748568,0.12654445871340814,0.5656448823847886,0.14206160944306223,0.7047958361321867,0.9050781277944812,0.4346076538672534,0.4880922602649759,0.9274228364827622,0.5209913886493571,0.48759843804956093,0.5783291027043042,0.6892297363629519,0.10688337508703138,0.821110527741516,0.43550502745325925,0.07234850989748554,0.7861826691982131,0.3769499716862721,0.10036749509505394,0.6337790395432505,0.8801313534336417,0.8877535094139863,0.9576634748089732,0.867705459766688,0.002140919345475223,0.38024116641339023
0.818542579905503,0.3662530059984742,0.6015485063797061,0.606316947374532,0.36502530403882305,0.9044739272812876,0.5032283453861176,0.4647842059375008,0.9975137456618959,0.49350036407261666,0.17839825192858105,0.513069422863438,0.81401673551993,0.7768603268982814,0.788581765108471,0.7080237839979118,0.2542178290666882,0.8620840858402314,0.8934434653762651,0.19415269661854906,0.13045563655139392,0.975604968589112,0.8683239636503679,0.8932361472099467,0.8863763846243952,0.5416868240337284,0.6464017366657997,0.5453628521336417,0.05120634919032907,0.7455030853527727,0.5053320333358803,0.6477090747902298,0.5026398049755353,0.49181132232245595
0.17178910947776682,0.27871371514114895,0.1588526919439558,0.19566629562534243,0.9729773804203049,0.15311344577219843,0.26927042430520765,0.590589657738585,0.6101785762366418,0.15397412974382907,0.7937174257852123,0.785202867912825,0.2373177042038911,0.28866630267546045,0.937987865459497,0.8256714459794781,0.6977970330625238,0.08223322151060053,0.4182640809025757,0.559301872076827,0.18741128798377693,0.4482265821082245,0.60102587748869,0.3273766801153992,0.7809448189504872,0.8404495816388055,0.32360946943407076,0.8386571544924571,0.10357656610301502,0.8377290986226563,0.1527504316676166,0.08292715250972604,0.6417754044410112,0.4719373657552943
0.9078906004128328,0.3631891960908492,0.2871522634376287,0.5007349061441984,0.4559461857686613,0.34442804621718826,0.6937412986983286,0.7595618339139083,0.8529839690301366,0.9728566047103429,0.26665619213250447,0.7160934824899615,0.39425823549574524,0.6770819719511081,0.47598169034922033,0.9937731027679316,0.7289021357907499,0.9524913004343245,0.8349695494811857,0.9029010111633711,0.8144191972146749,0.4591591303759114,0.2517884533468844,0.3703201754505222,0.020236232639950447,0.5239931674646672,0.5050578002704087,0.5252504648304882,0.9740312249720638,0.9114540034548393,0.161712778330108,0.3688825215558892,0.4239561794632619,0.36053291785164776
0.7984959636039131,0.5240376698675869,0.572099816971625,0.8530135589879255,0.8059281534153586,0.1322115228202997,0.7139145840836343,0.43543612890203554,0.29464890306250047,0.050018820902186345,0.48724956034545097,0.3554366807245314,0.2515130396764008,0.6946717295969576,0.769485387315587,0.2447895190294248,0.049447436679347256,0.848752700565235,0.009959741204303318,0.937112493921472,0.6276198739827059,0.3218466352013203,0.2464779095767362,0.009005664264475244,0.23547141701087715,0.1377283015171411,0.6121662207231456,0.1665455885938013,0.5286298375366193,0.5901164223444708,0.2980416983469145,0.035064949018718705,0.0372538806141961,0.026347332193917605
0.7391246671365462,0.31800970481429813,0.7963001859676636,0.43173282384284917,0.45299810082996383,0.5128826025095737,0.7130314563751039,0.27350286582970706,0.1215873495335269,0.5560573351914615,0.32697762324273927,0.4424913136680374,0.6469467083373054,0.4941257411412706,0.6202788171008429,0.5442000021136278,0.7397963719360992,0.70593661771162,0.5341898918086192,0.6789030208597069,0.8735596022726128,0.4322712877881686,0.41276307274879365,0.7642456208523801,0.582553837041994,0.07100678022258855,0.8921120156910813,0.030783102237640136,0.7483963562097431,0.7587941427043129,0.9531110852819304,0.054134408402320755,0.596856860784491,0.42784057062705294
0.330632954859542,0.09031856029907304,0.5626541196713092,0.47904072567461364,0.10455445815102427,0.6124895070970834,0.7379531202529385,0.7672783010536482,0.9053731882624274,0.4094707418887772,0.953072768622137,0.8654294050826861,0.29650157102393904,0.15928303734945848,0.4353893961280134,0.4018987079559666,0.5757193053312043,0.583386232327748,0.7499869843799752,0.5098899482056102,0.10482264094076554,0.8582913355531061,0.30976458318518707,0.971297460306592,0.11786010867977015,0.9582511722325032,0.09101180688251698,0.23103613794705946,0.04657994208654159,0.7051131466389949,0.8502987365717918,0.4340710818159804,0.9285220750424297,0.5902990717555996
0.6300071354465232,0.8454192017007699,0.2968002050518389,0.3542657213276258,0.9059519191946444,0.9009634960387638,0.9764827762008709,0.9018383164416711,0.1273720360333609,0.8237242861369873,0.40983847810959406,0.9908013559459379,0.47228096432880107,0.5538360825022206,0.5297749152567985,0.3217370298582778,0.07502208889291817,0.8956512304019185,0.8026758125262868,0.13952678055966927,0.7767682713500729,0.62584666605061,0.4091437879176223,0.2540211490955627,0.8597287835022325,0.700188259294053,0.5477399094691369,0.6095685338984641,0.09106618208218098,0.4739197609111919,0.193700292785702,0.20838367900882537,0.6613039622868667,0.9112561518342881
0.40375661047834654,0.20774927301219037,0.6487469372366542,0.8711870463503177,0.7483188011224908,0.8687572305365872,0.5365546710107993,0.7518762443691909,0.14006455935893647,0.3482746153631915,0.38954916448152244,0.5112957462460346,0.9290763602568237,0.8742965602221743,0.13452549228918453,0.1727896518824632,0.35764054958891134,0.2907438658906739,0.6147709531562623,0.9027760477645449,0.9622915416725868,0.6536029525352265,0.8381592014010867,0.5252022002307971,0.20832694686003972,0.5246884120934774,0.5550826014376511,0.7424575642135566,0.2198829897073491,0.3683103820867317,0.3640274692145663,0.9594395957411649,0.44394496032671893,0.7550939672981465
0.750811381374439,0.2655441848032414,0.5718696893717321,0.8943028933186481,0.47519771945694944,0.9451175073425461,0.2144582293241616,0.07415910577403073,0.8914538731447493,0.8476811979622166,0.9925898759338447,0.6793934881124261,0.9366879266671495,0.8269490250841108,0.8444263331200869,0.5691415704542683,0.38236459791671085,0.9345580725432818,0.43211717561589447,0.5388193672496691,0.44611430712518774,0.5648183139601971,0.4705050789923272,0.04796755857947588,0.8820481860076986,0.4443938189157698,0.5889436485073487,0.13918780275798703,0.003387847982639136,0.24529009364364296,0.7045860321333502,0.0991945301128786,0.9088874403864678,0.21502256935618458
0.2045936142917758,0.18150796162149552,0.013981712971364746,0.7718054684782346,0.8750345312452585,0.6141627026161989,0.1881999816798623,0.28527799694087974,0.4759266973649633,0.9543459516233008,0.2473513718177428,0.731645903919888,0.4394482232929203,0.2978473483600218,0.45591593702211375,0.07120671754123253,0.7986873709303625,0.24330192798296713,0.7254121231929704,0.06834837144819472,0.9550985561656861,0.1930149854056986,0.8827420762070805,0.8094732096154345,0.967859924081416,0.4778906609457496,0.7273972938459515,0.37071065703778405,0.18436823801969382,0.4430759329334488,0.16574901538845488,0.9820446227863839,0.09624649114071637,0.5892117234526204
0.6264638552540559,0.5380795428740542,0.6621858857118336,0.11618077501189095,0.5550185242052911,0.28721257112736154,0.9401760633010566,0.7620716534397257,0.9725144821597427,0.037556069740189546,0.2851331751807087,0.195422586638349,0.0111545873118305,0.24232573024632142,0.6787759835204289,0.23108892213456855,0.5090034454826182,0.8878181149649986,0.6937579203490752,0.39462906990603197,0.3724689389121083,0.45573581400848473,0.17704144105990638,0.6340007674159881,0.3641528191046055,0.8523653492620437,0.7565526600578163,0.61051316409216,0.36420222264951607,0.2099318316734844,0.7761518641056229,0.48640909899108653,0.2247500381773575,0.19517461504000622
0.16540090450135903,0.777161196205595,0.2289871853003117,0.5266422635251975,0.45154636097305645,0.5796108992282839,0.8771549003711943,0.8677473900817306,0.45107607182485965,0.015366250734723308,0.4264438057143032,0.6061935374241404,0.5577647590980618,0.6513361058002055,0.15407573247308348,0.6465350987807326,0.18265161874377223,0.750523980696749,0.33908761326268,0.7098954333814536,0.04786559890610709,0.4078600255909134,0.7050345222633327,0.22687051633149413,0.7952870447972226,0.630779733104932,0.5875617721497983,0.3535488542043371,0.4824514703811176,0.5973493009778531,0.47246211391489046,0.6983133239405601,0.43369693310695956,0.20227318174203035
0.21393378280104725,0.005803768842941093,0.30095771555867246,0.7489176404785196,0.7941627088376095,0.20246754209575002,0.9590439968714077,0.5024027934801267,0.9169787490185026,0.7067652818616311,0.7224334230224131,0.08504362130607113,0.21999112689693068,0.008814833294472635,0.7161276404767375,0.34443828842851,0.7866525160763468,0.3389362199370263,0.8193337522988611,0.130698253748313,0.1733731567575082,0.3408765395839365,0.4084873888822733,0.3487028108429784,0.7636470325232199,0.0969513926267147,0.35121701963848806,0.8372399995154594,0.06679707726217199,0.9423435076713574,0.9863168422720129,0.08856817382508009,0.29127252225573697,0.37240066603535615
0.7763913686527261,0.5959268121167338,0.6443657004925674,0.757509822818506,0.11797899943702572,0.8332094569102624,0.705619804180144,0.5773417251963703,0.8897353347830567,0.7003063538838071,0.2016999626310254,0.42974538107566673,0.4940428669357333,0.055217626750405646,0.9546375133600558,0.12857726079687848,0.6974612672267269,0.5062310360908802,0.025632249884422587,0.9247474758643617,0.8518368088189332,0.5242579279038355,0.22894233613944526,0.12162289068009424,0.3633924794321266,0.2554282810460905,0.5066912010062987,0.966409296123429,0.5749534932296414,0.8899310558900979,0.6508788374957772,0.47524652658720046,0.8546075627333712,0.4713681101729975
0.868628170510361,0.2915767695757653,0.12881307376298812,0.8553144643629383,0.5874151637926668,0.8890923982489601,0.9378272069923832,0.053628390371449175,0.5009693018588683,0.37496454907452925,0.6258583970701171,0.7935911972023235,0.28059021597436895,0.5567983843731716,0.7087285799048996,0.13443108283573402,0.8140669059512669,0.6061095998529731,0.9495374371136518,0.3395289191306933,0.10814594233719865,0.5065012010369253,0.08581077170943885,0.9695265233240068,0.03868495825719154,0.753503901107308,0.525102398142244,0.3686206524982887,0.06584216450865465,0.6221669241736077,0.5852203293909553,0.28088327306759975,0.9102217014103121,0.3041100073428369
0.44972541059210613,0.5437624559186557,0.1002318781762861,0.9321617192136323,0.3745361524510411,0.08077921387434361,0.38729117367532995,0.6002025470925807,0.5136526718213296,0.694541974037274,0.05548394206791063,0.2845406102720561,0.8192305768401023,0.07989368779136086,0.8554859546959576,0.09189609207710625,0.8344542148916962,0.3607884010787267,0.6122090632572158,0.15288711564799817,0.06616872172518085,0.21593820402013508,0.12785381790869554,0.3124058976796318,0.5143832465110202,0.5887594635650095,0.7898681073797429,0.6562398932483586,0.608758325129553,0.41178202748577464,0.4738084349601387,0.4145208293901811,0.8421660300613831,0.23000045254839985
0.0057209315419646245,0.6513198972262393,0.2024621836388314,0.8901151363098093,0.8590463297066561,0.07672737192820589,0.10638840541407735,0.4951715922466663,0.6092226627693547,0.27490833748224075,0.7167977166993706,0.5949160209188715,0.3248241097485547,0.025371488042315593,0.7501502812985177,0.2147536658250827,0.8344737434626284,0.4202902600542552,0.5770774426317654,0.8729487304090019,0.8636230009199534,0.37151957524357326,0.20888889271484312,0.7751460777285947,0.4330802036021312,0.1920419935590041,0.9044253423171502,0.19810419424108738,0.025807168191231078,0.020279973767419968,0.6223153564542643,0.6616750607175304,0.3110417050569839,0.3200109892470634
0.33949391505994275,0.6801585467588787,0.058133791026828585,0.9291163526913256,0.22252104417744645,0.9996732052420922,0.17152269378718699,0.7715464573123775,0.22341254492962503,0.08084680164325397,0.8749333243506489,0.8587512591908919,0.40357039244960136,0.7023961425404268,0.5570659326839171,0.8529561136737488,0.3150559693186544,0.5236723999989852,0.48537237120455046,0.35390582625685874,0.8914550645563722,0.16587792466253548,0.14950863952069615,0.5769095353227514,0.657494229984942,0.19461925432456517,0.3907174422546241,0.9465638429787437,0.246617422690674,0.6683607021173941,0.7401493936975908,0.44812869946515954,0.937525986759583,0.7366567352187905
0.45792457986089785,0.569335201776094,0.6926134434251007,0.5921901804292182,0.8786975838260759,0.35688866228040117,0.29988574005580493,0.2138388894952643,0.037782968064595135,0.043013964380055336,0.8700551931092828,0.6783931464059073,0.6605324154364861,0.614642818934886,0.8492191446941049,0.48026692566562745,0.8704108285583003,0.35944502618223917,0.9267075043390905,0.6986569800812401,0.25717713602442727,0.5640849216886251,0.5330305614882556,0.13789882173033396,0.5912429057506141,0.31478562371695795,0.05234876680960243,0.9486561577065649,0.6414903690642878,0.876918931870847,0.6760560050132531,0.35698369214011294,0.5126880723288114,0.6757467603471771
0.9602523252014376,0.2536694591216965,0.8749770586241177,0.9240778052942694,0.6704155146589565,0.9312666274013378,0.3978785874773685,0.9530161760404428,0.7027828771659749,0.0420057674188119,0.9068728318190528,0.48447280903319256,0.46032698477783285,0.5664666059796343,0.14938454677122792,0.46916604856739863,0.8311272167177457,0.015482459137515336,0.2729171603243713,0.00245458644384422,0.41571130914984833,0.7283155104937347,0.7987718291146285,0.9451897611270066,0.6085046129707865,0.25462686665289547,0.924147949136699,0.7753157538803761,0.5744284830031445,0.695640215718936,0.9243163550074291,0.7123940284729217,0.368374507584734,0.7130282022890967
0.04027816273538787,0.38641556183058123,0.4063230318455793,0.16683823442083467,0.023085480551770177,0.13338123663774282,0.6546214957970551,0.8022888163636875,0.9882034927269742,0.3463635031084943,0.5993792222611017,0.9371449668151219,0.16704178133815262,0.7176455863427427,0.7549787331491632,0.08897553586933837,0.861249385183065,0.8131050471108439,0.033403006577434446,0.09108441488005148,0.04912689389185232,0.3347435317993622,0.5092889906799262,0.5323477279546288,0.26766675976944265,0.9115968865602742,0.3682627898719132,0.0455501559653525,0.30022711154138637,0.5311094225441555,0.40822182258823203,0.27384251909925916,0.13132324976431742,0.8191645000962298
0.9961452421241919,0.32954213352388206,0.3816210441766039,0.618037524676957,0.7184414747355413,0.39202953480359126,0.9049295169818152,0.5600039892289184,0.450390076405931,0.6466727531599051,0.9528038482491732,0.7945522944217055,0.04001313053512434,0.33230991073995964,0.4705446849512227,0.31451757220910526,0.7001875608304565,0.826269149862581,0.7313450951852716,0.9893332868282753,0.2725476478930291,0.8749894950244215,0.7666226651744862,0.3621787575581461,0.7341245436569687,0.10407595641824696,0.7893334823405523,0.5323306025871026,0.29229017270925317,0.6557773017841801,0.641619998714409,0.2094862227195997,0.030397414811526136,0.4336225869016739
0.5695118693444212,0.8766052783705984,0.9282167956475944,0.5288052181567664,0.7538034837685449,0.43930327232799693,0.746082156572893,0.20480152493916692,0.3710647348035314,0.6342279988136148,0.01815796560707883,0.722461310338954,0.8355355012681668,0.39914166109395144,0.4479424171771643,0.851282212216531,0.7756546353260334,0.288149489033375,0.32397610656153897,0.6788782323905966,0.5631980924481612,0.16222957109649694,0.3099299092291664,0.8999832768786541,0.6881744367222634,0.9859743176855195,0.7670125299807694,0.9419744321435902,0.2161885738704754,0.7714848748169257,0.02021752014779743,0.6707600217115339,0.46928227812024137,0.34676007192006864
0.8624043522930891,0.8542676926575307,0.022301704898643582,0.609505122449431,0.3678322243209564,0.41566100150044916,0.832040739218776,0.3098397715276783,0.9430488106376201,0.17963382637214076,0.6627224233681778,0.6721050670137647,0.2521951614279182,0.324750608967202,0.8347984925799404,0.7618052549549524,0.32909588031475956,0.5339565469349339,0.06168029625309546,0.20874588239862923,0.4858205588603991,0.0859737352792116,0.8433323548919375,0.7180062101076479,0.9436336706484948,0.6934669059640272,0.9404013722621856,0.554512555690965,0.6002186110619694,0.9769710546262609,0.6421291468642604,0.0307865688607466,0.7238027766305233,0.9054686921374157
0.7955802497943266,0.5838332726254226,0.6713035130935163,0.9901917892516717,0.09066208850933832,0.6672448286332395,0.2833976945705938,0.6400903965861701,0.6076235758839388,0.15345683210816208,0.20674664574023915,0.6216295780432135,0.12822994730377413,0.26518087513032285,0.8352455477380024,0.3270915060016386,0.4880601562696629,0.9411403351458403,0.2271490888369463,0.3896260173580104,0.6064577755435456,0.7553389295039722,0.9016533867127051,0.9154729875735151,0.776640074372623,0.22833083659331044,0.024809330042565803,0.3837739303556238,0.14154885098782333,0.7103876474382981,0.6611305868257168,0.04397164162145484,0.8365937791309511,0.24874326629118226
0.4322270754910422,0.6679337354557424,0.4294187868522533,0.4412878027999434,0.06562799533574037,0.4014435492600038,0.7648478932199835,0.9151763371865977,0.41349713706337177,0.42358582687907886,0.7026271063236521,0.9427720011052766,0.2670609402393602,0.44014420653793684,0.7959732435523011,0.6096935693740385,0.11058634396395473,0.6277327355622657,0.1867462845973269,0.5102159340784042,0.5291032676604385,0.8762033622249848,0.46249427401243814,0.2794424222358942,0.23096634821603157,0.8742518766843361,0.1710108544182284,0.42586856088314373,0.187173114926947,0.7733040401143754,0.474372639974619,0.35114369055681205,0.3610996406264668,0.8522142067229794
0.5537739542944381,0.7178678511312636,0.8970385162506845,0.901741676040642,0.32850905433786315,0.9524512631463853,0.024875882014605444,0.37683556101616567,0.8957988575088416,0.2746368798169829,0.27308145032131836,0.3026222850818887,0.6123133848469222,0.4383327756143538,0.7267348363533426,0.8949106425646658,0.6741993749428606,0.2044667201975755,0.9326819023605022,0.2644928733474785,0.14989429532815812,0.0899672788609609,0.5633837406661656,0.1137624624806518,0.13877588411263075,0.30003048059549664,0.28165300968446383,0.6042395103321423,0.8167452794726815,0.7613496562028924,0.26248445471647674,0.24531049798597993,0.9657915301069676,0.008236241591960125
0.8797205330602158,0.19972851912240497,0.9472843230897678,0.3423072848275197,0.4403517738932523,0.707120613944381,0.5876690514732603,0.3179393297068228,0.5538309158678235,0.7307068843628862,0.042334945902492094,0.011199305255704117,0.4580669390728913,0.1318366178035142,0.6643442914647144,0.21405245622743418,0.43285110679567096,0.19767093687426895,0.5484835857491245,0.1160534593845689,0.02310685278748026,0.051131638106697186,0.9542584415153099,0.14228621861093582,0.7084782531368352,0.06792620422282625,0.10816035223518217,0.5088762514093347,0.46487093015434366,0.9515803094398696,0.9448354530207373,0.7796086425424651,0.6021018301273497,0.454960317393011
0.35617853432842106,0.9470875469755554,0.6029088114246856,0.5790725276859945,0.23190112176891486,0.04669781788511307,0.9451885797595444,0.3137352588446539,0.4425890233244587,0.11463994358570684,0.836924329909292,0.027631832855930627,0.8339907620990965,0.1402850127879668,0.8865641126311521,0.7297726373361574,0.1646702625073051,0.5658179928594681,0.31265631435521946,0.17823309891158345,0.8591821994111084,0.4035227665072294,0.3985437143653825,0.16988667480662,0.3830656760857787,0.8716168463288502,0.3631287104896359,0.9516035624997881,0.9463088992083875,0.14489865930734602,0.17731125352264487,0.8626740703318891,0.3927609189247192,0.004373982283009337
0.273871819705371,0.59762899319556,0.799265965959968,0.13338861709325955,0.11054136441673534,0.9220926535723316,0.7511483678225827,0.5897796007780784,0.769186789995928,0.42885436130663845,0.7584557473091266,0.37180299127453575,0.24409457249260236,0.7290134212929686,0.4196722921572683,0.9813771043261948,0.349485182308101,0.9217274205310659,0.9329625485670795,0.24185294706474614,0.7982211815880134,0.43307450514456514,0.9175247272303481,0.4501242726352388,0.7443037173373661,0.46696740916379786,0.22780075571285618,0.1993501289446863,0.42543119425634557,0.7554946570142149,0.6050714851807668,0.6886292899005433,0.28232635073194245,0.4814353459576055
0.044395264969327,0.8175324159581207,0.9898921622398746,0.4068790626246709,0.01096365313154335,0.16979263955094737,0.6525268777504188,0.6120793182038592,0.7878647195855439,0.25388401096106816,0.763631915547134,0.6879840215236698,0.3228144977138433,0.545488148056962,0.14727380849832672,0.45256450343558263,0.881197339555641,0.4211913798253908,0.839566706475422,0.5902533652596944,0.19187671310235677,0.5811062446978964,0.5059833291570635,0.398641335196384,0.11963043951607033,0.4167086638472298,0.07276237623962711,0.09876905139875125,0.415916532932716,0.3053814819684637,0.9255443258622235,0.37570580538027054,0.7578581220721001,0.5302475263662427
0.7040856686423355,0.2601159830153992,0.9419049728383291,0.530088496914424,0.8313240712852497,0.3650456934761135,0.10021134905052453,0.6737116477208488,0.007759648337424485,0.4752929765655083,0.19280190266645925,0.6273755044353622,0.9794198731378522,0.46440290632064596,0.8174982565256667,0.507784186951121,0.4958400311040241,0.9304234931787778,0.8899658687466815,0.7858004651879744,0.2962557533167841,0.5450084157239405,0.223897233305685,0.44391669804653977,0.4842130657597906,0.8316400401693309,0.8960283653249931,0.41462006239647786,0.017704445073237207,0.8617738397893546,0.1742786785013607,0.6218819638903935,0.024970900434131194,0.39950647526056426
0.9859603021153498,0.1006936011038031,0.4236931519996423,0.30714995018995217,0.9050881233882643,0.8693401079073552,0.23769876030622883,0.08118778705043117,0.6271383940611175,0.33636871188370976,0.6720843906060631,0.032119756067814476,0.13339923517748942,0.6863722327726434,0.21237065530249777,0.8575876757624016,0.05859088771013543,0.21548198278557462,0.9985602484850686,0.43307610258679263,0.7029656635446435,0.18266304885701368,0.6098687349855377,0.7261060683694185,0.31447663586651053,0.8288971119758778,0.6034175784722833,0.3891230096150302,0.5576423933431586,0.5767608474359243,0.16553529269386602,0.40273236986696614,0.3434305880194931,0.40090272257912607
0.7611105884852579,0.48253840746667265,0.9403161532392643,0.2936764133584362,0.415703578284929,0.7869568104790414,0.5460245933207503,0.5470281464244477,0.053340163005183516,0.3985996627184558,0.2707337324217325,0.9993351228311154,0.30835507063231027,0.8844965347938635,0.6762337350404775,0.34091640919209043,0.5435343783741237,0.8405358799491938,0.8833682980309119,0.16039387500614521,0.3395731412081696,0.33522318021357167,0.04204479607594469,0.5982377598518965,0.854820052992188,0.3815743878255178,0.740035944984177,0.6277004136007399,0.3756487354930008,0.14105979949229708,0.7093238527759673,0.8545651689412405,0.6858544924014919,0.017878484034818065
0.21623289439099125,0.06947998488353191,0.5703860995762268,0.7564776788404124,0.11057918706865943,0.8383378205933852,0.5555089783954832,0.6899690121417249,0.9714018486086462,0.08368098824769732,0.9012240229777893,0.1261026959874093,0.39295880663668226,0.8514386963311144,0.9062542367378682,0.5063716735451453,0.5941046382754251,0.7081473345985572,0.8327586684527142,0.12151116953766616,0.8100693082292276,0.48127615051161676,0.450623425108169,0.42389975199699825,0.5092115852460426,0.9450505533946035,0.5482037727921516,0.9531775382631392,0.1802901306156406,0.7241359788326331,0.8122395386087472,0.6791288313348619,0.6069222802265404,0.5648127810861823
0.860930482578696,0.8216465971645001,0.12228872118059952,0.8485876570308781,0.4140686194404425,0.2536968299958108,0.8697685680139259,0.43202479963374163,0.8083646901768167,0.2634036119558445,0.003929321422217802,0.4954591929029444,0.10022825664288426,0.7543759555249097,0.27607513606941037,0.4436456466034787,0.08703356509155424,0.28665924844725266,0.781490243258572,0.15158791190231946,0.6471595611269574,0.9174258528045012,0.6798367597577203,0.8110216892922268,0.1089716293039158,0.25073182600205446,0.894538852240591,0.7151056136180892,0.6395538263773112,0.6637667361217,0.4142005543046434,0.04455663161765322,0.784441542070729,0.6787132362153538
0.4728044641127247,0.8997596153682574,0.33615966498509886,0.2943217442312359,0.8727963250794428,0.7969876547589855,0.5149798106483447,0.13073473945784997,0.21507147146505246,0.6562279904088066,0.38504123784041167,0.8364731916659712,0.9499550093322041,0.8056369252749183,0.37754542299555716,0.7886864292314241,0.35144167347068345,0.1671000877656339,0.033393204865857395,0.38571671276102004,0.9035593036972819,0.2389865877556765,0.206513164929784,0.9698207852410403,0.02500411285059212,0.7857821503937543,0.32136995574087035,0.037487956869659333,0.9178025402095836,0.1396423302095836,0.5517792837256954,0.2740542074295478,0.06519280218469103,0.04992248566337909
0.11555669883633879,0.07136701388938005,0.7605581155199229,0.48556620228342917,0.3428920913489797,0.41836891013200717,0.9289467355726233,0.9107518127381472,0.7156764801225769,0.8846823774216878,0.3196480275876248,0.38110932600828284,0.613712181854228,0.6236259472972642,0.48169983801234095,0.40065784843795327,0.9861803116086951,0.8211236261177244,0.4349801978880452,0.7272924772395685,0.2695616932524595,0.10016932623732988,0.35243102555274064,0.4029728001233942,0.0165371245606708,0.814792001635896,0.3591934023891815,0.580418165780147,0.07396318727095597,0.17499682875058398,0.88969372532756,0.6086875278828008,0.9502840501704856,0.9987500343913169
0.3718601153330944,0.2988030640832746,0.8583560551590967,0.9986114270374542,0.6296412342324573,0.7951407225115223,0.7817458588152745,0.35533970821954697,0.5742703802570872,0.8330569412642136,0.6881138762610555,0.02116381398203826,0.3367056688975335,0.14447569659460535,0.2329722120780391,0.9054894774913257,0.03689328891076815,0.21980071196192374,0.30956935223823145,0.6168840719663948,0.5341016900858655,0.2182694828533861,0.16424106722315446,0.2367980345961188,0.5025296267016556,0.27117778571120343,0.9476025016077222,0.46386522142884756,0.058796016544637064,0.7292664058366334,0.3288452882089896,0.6534889320582475,0.279594370523232,0.5707437417333199
0.7721525048074647,0.928008741774554,0.26112714443307705,0.33485695099898116,0.4642664202859397,0.9271748377359889,0.9013868568106571,0.08987828010063803,0.13192982575381085,0.49550917733063826,0.10661927280542349,0.34558087334869747,0.14838537821747766,0.6360403551318858,0.9494954317391617,0.9967337702943815,0.3752411324969148,0.5990126371146123,0.8562676535240813,0.11746207279638399,0.689564411051965,0.40884366172506825,0.20614616028016408,0.402753618747442,0.07596028696491686,0.6954071485893057,0.2527426687484531,0.311405645044878,0.12108129824146274,0.8646591138898917,0.4934442792827386,0.5721468777864003,0.5694326830948546,0.41049311454134174
0.19252991543813947,0.7451327484983999,0.12705626535767434,0.1038737902788105,0.7101450375965034,0.20883702045198382,0.30677275135283233,0.47522746700174023,0.4493513167295462,0.7085791250649992,0.623431793443361,0.6443961622818657,0.7140543306554573,0.29261272742346534,0.32233331180047364,0.4379977478955541,0.3074621730335261,0.9849378689708634,0.8140519264214297,0.16465468825602958,0.005594155881869511,0.04278326824726786,0.24406345104292526,0.11429128583685655,0.5333381148925721,0.8579952227273586,0.7367502209132274,0.2156090630821904,0.39929925602578586,0.5078942095312776,0.8102058495033355,0.8391216031061648,0.909718311907776,0.5092452505028752
0.694274746435863,0.11180037123393716,0.5652889599539821,0.24869180947113512,0.4317168850266111,0.6340505083067194,0.2569859378537811,0.05218505779676108,0.010233856408757513,0.022159535544521547,0.008349737513769662,0.11035505655787547,0.23948871457012988,0.22122151418229918,0.9867965941798967,0.3060061052089432,0.1274207833593991,0.545562544167758,0.8579574553975083,0.6780603767876752,0.2960820891354503,0.561616159791455,0.7148559742004091,0.7281044923677423,0.6665384552976888,0.870810424775618,0.8701054583441044,0.5789365594070033,0.4298563691112123,0.6415702955650998,0.8182120013704631,0.005652104841184724,0.9919970090148511,0.18289377232919923
0.4702489856599762,0.8720297348428667,0.22504039904419937,0.4767952239003832,0.13258218018117918,0.3950763253881926,0.17713545479300252,0.363627748771157,0.373464216792722,0.9931707895983327,0.9948130293037722,0.11478627866061242,0.7259687793283472,0.051745479669101146,0.030192015337188627,0.10533389424496431,0.965485657007934,0.9408635478946974,0.19392782028068045,0.16167233555371152,0.24053508651594702,0.5155469940751422,0.5697046320354099,0.22159343043944735,0.7566227880899452,0.30955316940265076,0.9221313255294104,0.6567227064567306,0.4363511943036117,0.7899120017028454,0.8179146260466648,0.29048160560894365,0.33971454383608435,0.9359551537286034
0.16474103836327192,0.0421504169629342,0.4540553226095492,0.8012099002436289,0.7716681063107458,0.9195306289128325,0.5332006643690402,0.10006467156653331,0.5886889743360161,0.7783956143532116,0.0933281202698264,0.17265740109758976,0.012290661155670901,0.5936525794468104,0.8867343919459044,0.6706633160020995,0.982040087590982,0.06303365249976156,0.9030010851514962,0.8140682873866807,0.31424152049950493,0.9735265518372518,0.28793774817141504,0.8893047238282185,0.8807485770741894,0.7576576166029725,0.5634704738128519,0.12000274961688806,0.5319717344964983,0.35679625565493456,0.7922170331553517,0.7581292064968449,0.9106125073726052,0.014830162431707872
0.8091032168230461,0.9384620531246688,0.7893004491081501,0.1301944598703667,0.08127910484088774,0.02084523980770081,0.628745225828071,0.6296726518598873,0.9869137142182123,0.39804317410409573,0.33190628489749674,0.6244249271843925,0.825608672507594,0.9367739495230019,0.8031241661790386,0.42667398061580475,0.6349142353120641,0.856299326716117,0.49060968831173946,0.2166866437053927,0.16972343974787296,0.0001577445780567288,0.7182379949812843,0.1110972088459905,0.24383909969594042,0.29787633152279336,0.5603798601367683,0.39795727729576924,0.6746739920231618,0.05563865932870271,0.12393919426443945,0.4992115035332667,0.3369647878468298,0.2958133627513597
0.06702807903752273,0.8957191747480014,0.6918185861250508,0.12161815681964938,0.06504595773714061,0.974872533431243,0.6811725504395049,0.4174560710937415,0.7017310407557849,0.7563317864801591,0.7799622023887793,0.47787730565305764,0.429882758124848,0.01102808426890034,0.926557115141838,0.6033078783889431,0.2031539371899681,0.9196034194214366,0.9149319017702964,0.9891841643660959,0.8740565631389788,0.9977843878200647,0.24468618812327259,0.8422495851992341,0.8230283087957645,0.23094035922073375,0.09843754900099078,0.9794205136775996,0.29602455152061036,0.8708917904678061,0.0041271546746038945,0.021024807219602204,0.4658713086963684,0.23871468393506357
0.6898412834359643,0.5655643255679543,0.07748579745049144,0.16262829631571707,0.3880492700584143,0.18560406395543316,0.7922223472439286,0.41607023555328004,0.09343186684249927,0.48434290227212484,0.09083818106141417,0.12893730541981718,0.2396098320282053,0.8595277052474898,0.9246125323329719,0.8262577293320691,0.33407721741784724,0.27244644110883165,0.5491556907902392,0.7218531605331123,0.9933727881601748,0.13157071187892622,0.049291999023804434,0.694355888995271,0.8322257835039055,0.8463487798664232,0.6784635490771607,0.9540158041191871,0.5110047635445869,0.9138147983362125,0.967812136991523,0.8471574570031077,0.3097585632586206,0.19621565117029527
0.5481200649818184,0.45301475038018846,0.877758342192733,0.10003167106715372,0.2577400613115186,0.7517989445187085,0.09498664497731213,0.3207644140217002,0.38715539405398314,0.62259379656269,0.15813264571936458,0.8606044903497095,0.44754223546627425,0.9170217118805565,0.4678699136339316,0.27504025894073336,0.14182882868767488,0.003745094711284813,0.5321574849848356,0.10715669692692342,0.3917277636311782,0.5892717612370867,0.2756858969027003,0.17522429236611525,0.7747216226093416,0.9467911722816206,0.100440417861966,0.15559032438500786,0.9600126572527187,0.03778422181224628,0.9776323365504722,0.004644483084988771,0.8736686556513313,0.3073251809877495
0.9385888581772965,0.31694528863558546,0.654306321534056,0.08003256976593665,0.242329811453739,0.7736793464792507,0.5286858536788197,0.9279690617870447,0.4287514083413543,0.8698123658139231,0.4489554374782375,0.9792482787019853,0.9598343813988768,0.3291367055560803,0.8859236704168032,0.8476113742156492,0.21068039732756283,0.6242904007832697,0.07268231558981486,0.8367107205834616,0.17454588350349654,0.07081470138576451,0.4002190955388112,0.5769221385996435,0.854916958559771,0.9742425255217365,0.43949251256986366,0.06044692298527021,0.7491155790258707,0.5651732562239374,0.44789134484446314,0.30926887879218967,0.5023985278435357,0.33867960445703094
0.7570118677473603,0.5438936964926411,0.876847774154112,0.5435439146494421,0.23826241333993003,0.8510918822321445,0.5572190449300439,0.20684103814356125,0.6235078099562221,0.35771676494242755,0.8444056122920658,0.4532997386465428,0.7264413581074167,0.09553620763623716,0.3960243463023462,0.9832414364723987,0.8084602894771483,0.15994080236692865,0.2777640494772551,0.3298158088563611,0.6503655604954457,0.7569947594896556,0.7495266088079098,0.5098740563064028,0.8108205378381512,0.43707808275747506,0.1238805652955619,0.5644418416538133,0.9523013846011067,0.7929936513925113,0.5787006476922424,0.6468056603490969,0.9305620270355727,0.4283427944349605
0.33139413894263736,0.977241565000449,0.8634431335103334,0.3230435846186024,0.4637805973609228,0.41507812900779906,0.14909567867143392,0.9578193238132591,0.4043124312197588,0.875329082637908,0.18935622768066507,0.5478708106372198,0.02396138512426982,0.7642204838423086,0.5809138982462784,0.6255895834697527,0.05172088255465346,0.2110383302086154,0.07433087235358016,0.28891431580381177,0.627439007682151,0.5661859843173752,0.6121498216133903,0.5492512713778943,0.27302879567585936,0.24450749734442523,0.13705968353658127,0.8490708749034921,0.6164793585412445,0.18651101250405977,0.17720937982123952,0.8730356015261367,0.7427308637633193,0.6593990799053714
